{
  "post" : {
    "transaction" : "post",
    "sampleCount" : 31400,
    "errorCount" : 0,
    "errorPct" : 0.0,
    "meanResTime" : 12.793726114649662,
    "medianResTime" : 2.0,
    "minResTime" : 1.0,
    "maxResTime" : 1137.0,
    "pct1ResTime" : 6.0,
    "pct2ResTime" : 32.0,
    "pct3ResTime" : 125.9900000000016,
    "throughput" : 61.20118036416652,
    "receivedKBytesPerSec" : 21.695340304875433,
    "sentKBytesPerSec" : 15.240528313342248
  },
  "Total" : {
    "transaction" : "Total",
    "sampleCount" : 123590,
    "errorCount" : 0,
    "errorPct" : 0.0,
    "meanResTime" : 17.504126547455108,
    "medianResTime" : 2.0,
    "minResTime" : 1.0,
    "maxResTime" : 1647.0,
    "pct1ResTime" : 22.0,
    "pct2ResTime" : 25.0,
    "pct3ResTime" : 29.0,
    "throughput" : 240.8870662804885,
    "receivedKBytesPerSec" : 12093.180182780054,
    "sentKBytesPerSec" : 49.06330917364763
  },
  "get all" : {
    "transaction" : "get all",
    "sampleCount" : 31000,
    "errorCount" : 0,
    "errorPct" : 0.0,
    "meanResTime" : 33.09041935483884,
    "medianResTime" : 21.0,
    "minResTime" : 9.0,
    "maxResTime" : 1647.0,
    "pct1ResTime" : 30.0,
    "pct2ResTime" : 66.0,
    "pct3ResTime" : 358.9800000000032,
    "throughput" : 60.905886652180236,
    "receivedKBytesPerSec" : 12129.155119158191,
    "sentKBytesPerSec" : 7.25636540191991
  },
  "Transaction Controller" : {
    "transaction" : "Transaction Controller",
    "sampleCount" : 30989,
    "errorCount" : 0,
    "errorPct" : 0.0,
    "meanResTime" : 69.35167317435214,
    "medianResTime" : 27.0,
    "minResTime" : 13.0,
    "maxResTime" : 993.0,
    "pct1ResTime" : 113.0,
    "pct2ResTime" : 189.0,
    "pct3ResTime" : 583.0,
    "throughput" : 60.86454403148796,
    "receivedKBytesPerSec" : 12181.549278514482,
    "sentKBytesPerSec" : 49.236453859960875
  },
  "delete" : {
    "transaction" : "delete",
    "sampleCount" : 30200,
    "errorCount" : 0,
    "errorPct" : 0.0,
    "meanResTime" : 10.351523178807863,
    "medianResTime" : 2.0,
    "minResTime" : 1.0,
    "maxResTime" : 242.0,
    "pct1ResTime" : 5.0,
    "pct2ResTime" : 28.0,
    "pct3ResTime" : 82.0,
    "throughput" : 59.33703633116354,
    "receivedKBytesPerSec" : 17.036219415392654,
    "sentKBytesPerSec" : 10.546231066671645
  },
  "put" : {
    "transaction" : "put",
    "sampleCount" : 30990,
    "errorCount" : 0,
    "errorPct" : 0.0,
    "meanResTime" : 13.65579219102937,
    "medianResTime" : 2.0,
    "minResTime" : 1.0,
    "maxResTime" : 874.0,
    "pct1ResTime" : 4.0,
    "pct2ResTime" : 31.950000000000728,
    "pct3ResTime" : 296.9700000000048,
    "throughput" : 60.88911069282731,
    "receivedKBytesPerSec" : 22.060410221717703,
    "sentKBytesPerSec" : 16.29259407210418
  }
}